id	event	name	photo	organization	position	sessions
rp14-speaker-1005	rp14	Thom Nagy	http://re-publica.de/sites/14.re-publica.de/files/media/pictures/thomnagy_pensive.jpg	NZZ Lab	Projektleiter	
rp14-speaker-1006	rp14	Hendrik Menzl	http://re-publica.de/sites/14.re-publica.de/files/media/pictures/h_menzl_re_publica.jpg	Audiolith		
rp14-speaker-1008	rp14	Paul von Ribbeck	http://re-publica.de/sites/14.re-publica.de/files/media/pictures/001_web.jpg	Google Nest	Digital Secuity Evangelist	
rp14-speaker-1011	rp14	Sebastian Horn	http://re-publica.de/sites/14.re-publica.de/files/media/pictures/sebastian_quer.jpg	Sourcefabric	Head of Business Development	
rp14-speaker-1013	rp14	Cornelia 	http://re-publica.de/sites/14.re-publica.de/files/media/pictures/img_2950_k.jpg			
rp14-speaker-1022	rp14	Stephanie Wißmann	http://re-publica.de/sites/14.re-publica.de/files/media/pictures/_mg_0793.jpg			
rp14-speaker-1023	rp14	Jan Northoff	http://re-publica.de/sites/14.re-publica.de/files/media/pictures/jannorhoff_profile_2_square.jpg	Founder &amp; Scrum Master	cheffchen	
rp14-speaker-1025	rp14	Karen Melchior	http://re-publica.de/sites/14.re-publica.de/files/media/pictures/profil_photo_-_c_amanda_thomsen.jpg	Radikale Venstre	European-Parliament candidate	
rp14-speaker-1028	rp14	Florian Krapp	http://re-publica.de/sites/14.re-publica.de/files/media/pictures/profilbild_0.jpg	Oh Krapp	Freelancer, Autor, Student	
rp14-speaker-1029	rp14	Michael Zöller	http://re-publica.de/sites/14.re-publica.de/files/media/pictures/mz.jpg	Magic Lantern Team		
rp14-speaker-1032	rp14	Rin Räuber	http://re-publica.de/sites/14.re-publica.de/files/media/pictures/rin-1.jpg	Coder &amp; Mars Evangelist		
rp14-speaker-1038	rp14	Renata Avila	http://re-publica.de/sites/14.re-publica.de/files/media/pictures/renata_avila.jpg	Web Foundation	Campaign Lead, Web We Want	
rp14-speaker-1042	rp14	Matt Jukes	http://re-publica.de/sites/14.re-publica.de/files/media/pictures/screenshot_29_11_2013_21_54.png	Office for National Statistics 	Head of Digital Transformation	
rp14-speaker-1051	rp14	Konrad Buck	http://re-publica.de/sites/14.re-publica.de/files/media/pictures/cw_konrad_buck_09.jpg	attention department	chief attention oficer	
rp14-speaker-1056	rp14	Harley Aussoleil	http://re-publica.de/sites/14.re-publica.de/files/media/pictures/58870_10203197084587508_1327637911_n.jpg	Trade School Berlin	Co-Founder/Organizer	
rp14-speaker-1057	rp14	Sarah Corbett	http://re-publica.de/sites/14.re-publica.de/files/media/pictures/profile_photo_sarah_corbett_c.png	Craftivist Collective	Founder & Director 	
rp14-speaker-1061	rp14	Basti R	http://re-publica.de/sites/14.re-publica.de/files/media/pictures/image_7.jpg			
rp14-speaker-1062	rp14	Kübra Gümüşay	http://re-publica.de/sites/14.re-publica.de/files/media/pictures/profile_0.jpg		Journalistin, Bloggerin & Aktivistin.	
rp14-speaker-1064	rp14	Astrid  Carolus	http://re-publica.de/sites/14.re-publica.de/files/media/pictures/dr_ac_sw.jpg	University of Wuerzburg	Medienpsychologin	
rp14-speaker-1069	rp14	Laurie Penny	http://re-publica.de/sites/14.re-publica.de/files/media/pictures/byjcheadshotsmall.jpg	New Statesman		
rp14-speaker-1073	rp14	Katelyn  Rogers 	http://re-publica.de/sites/14.re-publica.de/files/media/pictures/katelyn_rogers_headshot_sm.jpg	Open Knowledge Foundation 	Community manager - Working Groups 	
rp14-speaker-1077	rp14	Nilz Bokelberg	http://re-publica.de/sites/14.re-publica.de/files/media/pictures/foto_1_1.jpg	Weltfrieden	Chef	
rp14-speaker-1079	rp14	Tatiana  Bazzichelli	http://re-publica.de/sites/14.re-publica.de/files/media/pictures/bazzichelli_3.jpg	The Wye, Berlin	Director of Programming Development	
rp14-speaker-1080	rp14	Parker Higgins	http://re-publica.de/sites/14.re-publica.de/files/media/pictures/gph-profile.jpg	Electronic Frontier Foundation		
rp14-speaker-1081	rp14	Jillian York	http://re-publica.de/sites/14.re-publica.de/files/media/pictures/jillian3.png	Electronic Frontier Foundation	Director for International Freedom of Expression	
rp14-speaker-1082	rp14	Anders Levermann	http://re-publica.de/sites/14.re-publica.de/files/media/pictures/levermannspeaking.jpg	Potsdam Institute 	Physics professor of the Dynamics of the Climate System	
rp14-speaker-1083	rp14	Robert Bierkandt	http://re-publica.de/sites/14.re-publica.de/files/media/pictures/foto_2.jpg	PIK	PhD student	
rp14-speaker-1084	rp14	Leonie Wenz	http://re-publica.de/sites/14.re-publica.de/files/media/pictures/foto_leonie.jpg	PIK	PhD student	
rp14-speaker-1085	rp14	Sven Willner	http://re-publica.de/sites/14.re-publica.de/files/media/pictures/foto_3.jpg	PIK	PhD student	
rp14-speaker-1087	rp14	James Marchant	http://re-publica.de/sites/14.re-publica.de/files/media/pictures/logo.png	Small Media	Research Manager	
rp14-speaker-1089	rp14	Michael Running Wolf Jr	http://re-publica.de/sites/14.re-publica.de/files/media/pictures/image_8.jpg	Buffalo Tongue	Founder	
rp14-speaker-1090	rp14	Jacob Appelbaum	http://re-publica.de/sites/14.re-publica.de/files/media/pictures/jake.jpg	The Tor Project		
rp14-speaker-1091	rp14	Caroline Running Wolf	http://re-publica.de/sites/14.re-publica.de/files/media/pictures/coyote-hat2.jpg	Expat Indians	Producer	
rp14-speaker-1096	rp14	Michał Woźniak	http://re-publica.de/sites/14.re-publica.de/files/media/pictures/michalwozniak-800x1066.jpg	FOSS Fundation	President of the Board	
rp14-speaker-1104	rp14	Ksenia Ermoshina	http://re-publica.de/sites/14.re-publica.de/files/media/pictures/p0hrs8tebxq_0.jpg	Center for Sociology of Innovation	PhD candidate	
rp14-speaker-1109	rp14	Kate Miltner	http://re-publica.de/sites/14.re-publica.de/files/media/pictures/miltner_face.png	Microsoft Research New England	Research Consultant	
rp14-speaker-1110	rp14	Maria Świetlik	http://re-publica.de/sites/14.re-publica.de/files/media/pictures/drg.jpg	Modern Poland Foundation		
rp14-speaker-1120	rp14	Marcin Koziej	http://re-publica.de/sites/14.re-publica.de/files/media/pictures/where_is_my_mask.jpg	Net Reasearch Net	Founder	
rp14-speaker-1137	rp14	Muhammad  Radwan	http://re-publica.de/sites/14.re-publica.de/files/media/pictures/mohamed-radwan.jpg	icecairo	Co-founder	
rp14-speaker-1138	rp14	Jon Stever	http://re-publica.de/sites/14.re-publica.de/files/media/pictures/profile.png	The Office	Managing Director	
rp14-speaker-1139	rp14	Sénamé Koffi AGBODJINOU	http://re-publica.de/sites/14.re-publica.de/files/media/pictures/agbodjinou_koffi_sename0.jpg	L'Africaine d'architecture/ WoeLab	Founder, Senior Coordinator	
rp14-speaker-1140	rp14	Koffi Dodji HONOU	http://re-publica.de/sites/14.re-publica.de/files/media/pictures/img_3720.jpg	WOELAB	Fabmanager	
rp14-speaker-1144	rp14	Tayo Akinyemi	http://re-publica.de/sites/14.re-publica.de/files/media/pictures/afrilabs1.png	AfriLabs	Director	
rp14-speaker-1145	rp14	Silumesii Maboshe	http://re-publica.de/sites/14.re-publica.de/files/media/pictures/silumesii.jpg	BongoHive	Co-founder	
rp14-speaker-1146	rp14	Oluwole Odetayo	http://re-publica.de/sites/14.re-publica.de/files/media/pictures/dr_woles_pic.jpg	LoftyInc Allied Partners Ltd	Managing Partner	
rp14-speaker-1201	rp14	Martha Chumo	http://re-publica.de/sites/14.re-publica.de/files/media/pictures/1426638_604586216265645_1957179401_n_1.jpg	Nairobi Dev School	Founder	
rp14-speaker-1230	rp14	Mugethi Gitau	http://re-publica.de/sites/14.re-publica.de/files/media/pictures/imag0114-1.jpg	iHub	Community Manager	
rp14-speaker-1499	rp14	Patricia Cammarata	http://re-publica.de/sites/14.re-publica.de/files/media/pictures/nuf.jpg			
rp14-speaker-1506	rp14	Joerg Meyer	http://re-publica.de/sites/14.re-publica.de/files/media/pictures/joerg_copyright_jill_de_groff_saloonartist_com_kopie.jpg	Le Lion • Bar de Paris	Bartender	
rp14-speaker-1513	rp14	Sven Peters	http://re-publica.de/sites/14.re-publica.de/files/media/pictures/sven_peters_bio.jpg	Atlassian	Ambassador	
rp14-speaker-159	rp14	Joab  Nist	http://re-publica.de/sites/14.re-publica.de/files/media/pictures/getinline-1.jpg	NOTES OF BERLIN	Founder/CEO	
rp14-speaker-1598	rp14	Anna-Sofie Gerth	http://re-publica.de/sites/14.re-publica.de/files/media/pictures/maschsee.jpg	Studentin und Bloggerin		
rp14-speaker-1619	rp14	Angel wischi	http://re-publica.de/sites/14.re-publica.de/files/media/pictures/berlin-201_3-33-gd-resize-rp14.jpg	YouIn3D.com - 3D Hackerspace	Hacker in Residence	
rp14-speaker-1622	rp14	Samuel Carlisle	http://re-publica.de/sites/14.re-publica.de/files/media/pictures/sam-resize.jpg			
rp14-speaker-1625	rp14	Henning Diesenberg	http://re-publica.de/sites/14.re-publica.de/files/media/pictures/tumblr_n1hbdqp1sr1s609byo1_1280_cropped_2.jpg	Polygon Berlin	Coding drone	
rp14-speaker-1631	rp14	Andreas Lorenz	http://re-publica.de/sites/14.re-publica.de/files/media/pictures/andreasfb.png	Papa Online	Herausgeber	
rp14-speaker-1657	rp14	Frank Schwab	http://re-publica.de/sites/14.re-publica.de/files/media/pictures/fschwab_1024.jpg	Universität Würzburg	Professor	
rp14-speaker-166	rp14	Anne Schüßler	http://re-publica.de/sites/14.re-publica.de/files/media/pictures/edg4694.png		Softwareentwicklerin	
rp14-speaker-168	rp14	Sebastian Vollnhals	http://re-publica.de/sites/14.re-publica.de/files/media/pictures/y.jpg	OpenDataCity		
rp14-speaker-1703	rp14	Maral Pourkazemi	http://re-publica.de/sites/14.re-publica.de/files/media/pictures/1779950_10203241309218262_855498367_n.jpg	Small Media	Creative Manager	
rp14-speaker-1716	rp14	Karsten Nohl	http://re-publica.de/sites/14.re-publica.de/files/media/pictures/220px-karsten_nohl.jpg			
rp14-speaker-1734	rp14	Amin Sabeti	http://re-publica.de/sites/14.re-publica.de/files/media/pictures/34646_457664986288_5978188_n.jpg			
rp14-speaker-1755	rp14	Dietmar Johlen	http://re-publica.de/sites/14.re-publica.de/files/media/pictures/201208_foto_sl_hbs_hog_dj_ausschnit_300pxt.jpg	Herwig-Blankertz-Schule Hofgeismar	Schulleiter	
rp14-speaker-1774	rp14	Konrad Lischka	http://re-publica.de/sites/14.re-publica.de/files/media/pictures/konradlischka.jpg	Drachenväter		
rp14-speaker-1814	rp14	florian krakau	http://re-publica.de/sites/14.re-publica.de/files/media/pictures/2014red.jpg	dotdean.studios	dude	
rp14-speaker-1827	rp14	Robert M. Bauer	http://re-publica.de/sites/14.re-publica.de/files/media/pictures/rmbauer.jpg	Johannes Kepler University Linz	Professor of Organization and Innovation	
rp14-speaker-1861	rp14	Waldemar Sobieroj	http://re-publica.de/sites/14.re-publica.de/files/media/pictures/ich.png	Oskar-von-Miller-Schule Kassel		
rp14-speaker-1863	rp14	Lorenz Matzat	http://re-publica.de/sites/14.re-publica.de/files/media/pictures/lm.jpg	datenjournalist.de | Lokaler	Journalist & Unternehmer	
rp14-speaker-1864	rp14	Andrej Sandorf	http://re-publica.de/sites/14.re-publica.de/files/media/pictures/codeandbeauty.png	OpenDataCity	Entwickler	
rp14-speaker-1865	rp14	Lorenzo Tural Osorio	http://re-publica.de/sites/14.re-publica.de/files/media/pictures/lorenzo_rp14.jpg			
rp14-speaker-1866	rp14	Marlis Prinzing	http://re-publica.de/sites/14.re-publica.de/files/media/pictures/bildschirmfoto_2012-07-29_um_17.40.12_kopie.png	Macromedia Hochschule	Professorin, Journalistin	
rp14-speaker-1867	rp14	Rick Scavetta	http://re-publica.de/sites/14.re-publica.de/files/media/pictures/rick.jpg	Science Craft	Co-founder	
rp14-speaker-1868	rp14	Wilfried Dülfer	http://re-publica.de/sites/14.re-publica.de/files/media/pictures/duelf_klein.jpg	Oskar-von-Miller-Schule Kassel	Stellv. Schulleiter	
rp14-speaker-1873	rp14	Solana Larsen	http://re-publica.de/sites/14.re-publica.de/files/media/pictures/solana.jpg	Global Voices Online	Managing Editor	
rp14-speaker-1879	rp14	Marco Vollmar	http://re-publica.de/sites/14.re-publica.de/files/media/pictures/marco_passbild_low.jpg	WWF	Executive Director	
rp14-speaker-1884	rp14	Erol Önderoglu	http://re-publica.de/sites/14.re-publica.de/files/media/pictures/berlin.jpg	REPORTERS WİTHOUT BORDERS / BİANET	Journalist - Researchers	
rp14-speaker-1887	rp14	Ulrich  Hegge 	http://re-publica.de/sites/14.re-publica.de/files/media/pictures/ulrich_hegge.jpg	comdirect bank AG 	Generalbevollmächtigter 	
rp14-speaker-1888	rp14	Thomas  Knüwer 	http://re-publica.de/sites/14.re-publica.de/files/media/pictures/knuewer_thomas_preview.jpg	kpunktnull 	Gründer und Geschäftsführer 	
rp14-speaker-1892	rp14	Joachim  Goldberg	http://re-publica.de/sites/14.re-publica.de/files/media/pictures/joachim_goldberg.jpg	cognitrend GmbH	Gründer und geschäftsführender Gesellschafter	
rp14-speaker-1893	rp14	Annabel  Oelmann 	http://re-publica.de/sites/14.re-publica.de/files/media/pictures/annabel_oelmann.jpg	Verbraucherzentrale NRW	Leiterin der Gruppe Finanzdienstleistungen 	
rp14-speaker-1897	rp14	Dr. Bettina Brinkmann	http://re-publica.de/sites/14.re-publica.de/files/media/pictures/brinkmann_dr_bettina.jpg	European Broadcasting Union (EBU)	Head of Television	
rp14-speaker-1898	rp14	Elfi Jäger	http://re-publica.de/sites/14.re-publica.de/files/media/pictures/jaeger_foto.jpg	TV Sisters GbR	Mitgründerin 	
rp14-speaker-1899	rp14	Torsten Rehder	http://re-publica.de/sites/14.re-publica.de/files/media/pictures/rehder_fuer_rp.jpg	TrendONE	Director Innovation Services & Trend Supervisor 	
rp14-speaker-1901	rp14	Panagiotis  Trakaliaridis	http://re-publica.de/sites/14.re-publica.de/files/media/pictures/trakaliaridis_foto_fuer_rp_0.jpg	ZDF	Strategische Programmentwicklung	
rp14-speaker-1902	rp14	Alexander Mazzara	http://re-publica.de/sites/14.re-publica.de/files/media/pictures/mazzara_fuer_rp.jpg	joiz	Gründer und Geschäftsführer 	
rp14-speaker-1903	rp14	Ally  Castle	http://re-publica.de/sites/14.re-publica.de/files/media/pictures/ally_castle_foto.jpg	BBC Three	Senior Audience Planner	
rp14-speaker-1904	rp14	Daniel Fiedler	http://re-publica.de/sites/14.re-publica.de/files/media/pictures/unbenannt-1.jpg	ZDF	Leiter Redaktion Kultur Berlin 	
rp14-speaker-1905	rp14	Conrad Fritzsch	http://re-publica.de/sites/14.re-publica.de/files/media/pictures/fritzsch_fuer_rp.jpg	tape.tv	CEO, Gründer und Vorstand	
rp14-speaker-1906	rp14	Lambert Heller	http://re-publica.de/sites/14.re-publica.de/files/media/pictures/color_quadrat.jpg	TIB Hannover, Open Science Lab	Head	
rp14-speaker-1907	rp14	Alexander von Harling	http://re-publica.de/sites/14.re-publica.de/files/media/pictures/von_harling_foto.jpg	ARD	Programmchef des vom SWR verantworteten ARD-Digitalkanals EinsPlus	
rp14-speaker-1908	rp14	Stefan Cordes	http://re-publica.de/sites/14.re-publica.de/files/media/pictures/cordes_foto.png	filmpool entertainment GmbH	Geschäftsführer	
rp14-speaker-1909	rp14	Eli Uzan	http://re-publica.de/sites/14.re-publica.de/files/media/pictures/eli_uzan_foto.jpg	The Box, Screenz	Präsident von Screenz sowie Gründer und CEO von The Box	
rp14-speaker-191	rp14	Christian Bollert	http://re-publica.de/sites/14.re-publica.de/files/media/pictures/christian-bollert_1000x667.jpg	detektor.fm / BEBE Medien GmbH	Managing director	
rp14-speaker-1910	rp14	Sabah Wahbe	http://re-publica.de/sites/14.re-publica.de/files/media/pictures/sabah_wahbe_fuer_rp.jpg		Freie Produzentin	
rp14-speaker-1912	rp14	Dr. Nicola Balkenhol	http://re-publica.de/sites/14.re-publica.de/files/media/pictures/balkenhol_dr_nicola_foto.jpg	Deutschlandradio	Leiterin Multimedia	
rp14-speaker-1913	rp14	Mona Rübsamen	http://re-publica.de/sites/14.re-publica.de/files/media/pictures/ruebsamen_foto.jpg	FluxFM	Geschäftsführende Gesellschafterin und Programmdirektion	
rp14-speaker-1914	rp14	Paul Jones	http://re-publica.de/sites/14.re-publica.de/files/media/pictures/paul_jones_fuer_rp.jpg	JACKfm Oxfordshire	Producer, Writer, Voice	
rp14-speaker-1918	rp14	Hakan Tanriverdi	http://re-publica.de/sites/14.re-publica.de/files/media/pictures/bla.jpg			
rp14-speaker-1919	rp14	Martin Giesler	http://re-publica.de/sites/14.re-publica.de/files/media/pictures/facebooktwitterprofil.png	Ultrageheimes Geheimprojekt	CEO, Editor in Chief	
rp14-speaker-1920	rp14	Juliane Wiedemeier	http://re-publica.de/sites/14.re-publica.de/files/media/pictures/julianewiedemeier.jpg	Prenzlauer Berg Nachrichten	Gründungsredakteurin	
rp14-speaker-1921	rp14	Charis Pape	http://re-publica.de/sites/14.re-publica.de/files/media/pictures/988837_726888850664826_4743101_n.jpg	Oskar-von-Miller-Schule	Schülerin	
rp14-speaker-1922	rp14	Isabella David	http://re-publica.de/sites/14.re-publica.de/files/media/pictures/isabella_2.jpg	HH-Mittendrin	Chefredakteurin	
rp14-speaker-1923	rp14	Majid Albunni	http://re-publica.de/sites/14.re-publica.de/files/media/pictures/majid.jpeg	Radiomaker and activist		
rp14-speaker-1924	rp14	Daniel Bröckerhoff	http://re-publica.de/sites/14.re-publica.de/files/media/pictures/daniel_broeckerhoff.jpg	Journalist und Moderator		
rp14-speaker-1926	rp14	Jonathan Dähne	http://re-publica.de/sites/14.re-publica.de/files/media/pictures/jonathan_fuer_rp.jpg	dailyme TV	Geschäftsführer	
rp14-speaker-1927	rp14	Christian Beetz	http://re-publica.de/sites/14.re-publica.de/files/media/pictures/beetz_fuer_rp.jpg	gebrueder beetz 	Geschäftsführer	
rp14-speaker-1929	rp14	Christoph Fey	http://re-publica.de/sites/14.re-publica.de/files/media/pictures/fey_foto.jpg	Entertainment Master Class	Geschäftsführer	
rp14-speaker-1930	rp14	Jochen Spangenberg	http://re-publica.de/sites/14.re-publica.de/files/media/pictures/jochen_spangenberg.jpg	Deutsche Welle	Innovation Projects New Media	
rp14-speaker-1931	rp14	Jürgen Roth	http://re-publica.de/sites/14.re-publica.de/files/media/pictures/juergen_roth_foto.jpg	apparat multimedia GmbH	Geschäftsführer	
rp14-speaker-1932	rp14	Stefan Westphal	http://re-publica.de/sites/14.re-publica.de/files/media/pictures/stephan_westphal_fuer_rp.jpg	mymediaguide.de	Chefredakteur	
rp14-speaker-1933	rp14	Holger Klein	http://re-publica.de/sites/14.re-publica.de/files/media/pictures/klein_fuer_rp_foto.jpg	Wrint - Wer redet ist nicht tot	Podcaster	
rp14-speaker-1934	rp14	Michael Praetorius	http://re-publica.de/sites/14.re-publica.de/files/media/pictures/michael_fuer_rp.jpg	NOEO	Geschäftsführer	
rp14-speaker-1935	rp14	Niels t´Hooft	http://re-publica.de/sites/14.re-publica.de/files/media/pictures/niels_thooft.png	Hybridautor		
rp14-speaker-1936	rp14	Arthur Tolsma	http://re-publica.de/sites/14.re-publica.de/files/media/pictures/arthur_tolsma.jpg	Coach und Moderator		
rp14-speaker-1937	rp14	Jörn Kamphuis	http://re-publica.de/sites/14.re-publica.de/files/media/pictures/joern_kamphuis.jpg	Dozent, Moderator und Model		
rp14-speaker-1938	rp14	Thomas Bartoschek	http://re-publica.de/sites/14.re-publica.de/files/media/pictures/thomas_bartoschek.jpg	Institut für Geoinformatik - WWU	Research Associate	
rp14-speaker-1939	rp14	Floyd Celluloyd	http://re-publica.de/sites/14.re-publica.de/files/media/pictures/portrait_0.jpg			
rp14-speaker-1940	rp14	Annika Stenzel	http://re-publica.de/sites/14.re-publica.de/files/media/pictures/annika_stenzel_ii.jpg			
rp14-speaker-1941	rp14	Natalie  Tenberg	http://re-publica.de/sites/14.re-publica.de/files/media/pictures/profilbild_1.jpg	florakiez	Redakteurin	
rp14-speaker-1943	rp14	Stasch Christoph	http://re-publica.de/sites/14.re-publica.de/files/media/pictures/dsc_0521.jpg	IfGI	PostDoc	
rp14-speaker-1944	rp14	Wolfgang Lünenbürger-Reidenbach	http://re-publica.de/sites/14.re-publica.de/files/media/pictures/luebue_head.jpg	achtung! GmbH	Director Digital and Innovations	
rp14-speaker-1945	rp14	Morgan Marquis-Boire	http://re-publica.de/sites/14.re-publica.de/files/media/pictures/morgan.jpg	Citizen Lab	Senior Researcher	
rp14-speaker-1946	rp14	Gabi Sobliye	http://re-publica.de/sites/14.re-publica.de/files/media/pictures/gabinew.jpg	Tactical Technology Collective	Programme Coordinator 	
rp14-speaker-1948	rp14	Nicola Pinder	http://re-publica.de/sites/14.re-publica.de/files/media/pictures/pinder_fuer_rp.jpg	Creatives Loop Berlin	Geschäftsführerin	
rp14-speaker-1949	rp14	AC  Coppens	http://re-publica.de/sites/14.re-publica.de/files/media/pictures/coppens_ac.jpg	The Marketing Catalysts	Geschäftsführerin	
rp14-speaker-1951	rp14	Mihaela Gladovic	http://re-publica.de/sites/14.re-publica.de/files/media/pictures/gladovic_mihaela_fuer_rp.jpg	ALEX Berlin	Moderatorin	
rp14-speaker-1953	rp14	McNamee Joe	http://re-publica.de/sites/14.re-publica.de/files/media/pictures/joe.gif	European Digital Rights	Executive Director	
rp14-speaker-1959	rp14	Saskia Sassen	http://re-publica.de/sites/14.re-publica.de/files/media/pictures/sassen.jpg	Columbia University		
rp14-speaker-196	rp14	Nicolas Wöhrl	http://re-publica.de/sites/14.re-publica.de/files/media/pictures/diamant-24.jpg	University Duisburg-Essen	Post-Doc	
rp14-speaker-1962	rp14	Sarah Spiekermann	http://re-publica.de/sites/14.re-publica.de/files/media/pictures/sarah_spiekermann_0.jpeg	Wirtschaftsuniversität Wien		
rp14-speaker-1965	rp14	Greta Taubert	http://re-publica.de/sites/14.re-publica.de/files/media/pictures/greta_taubert_kopie.jpg			
rp14-speaker-1966	rp14	Hannah Wilhelm 	http://re-publica.de/sites/14.re-publica.de/files/media/pictures/hannah_wilhelm.jpg	Süddeutsche Zeitung 	Wirtschaftsredakteurin 	
rp14-speaker-1967	rp14	The Yes Men  	http://re-publica.de/sites/14.re-publica.de/files/media/pictures/yes_men_stage.png	The Yes Men		
rp14-speaker-1968	rp14	Annalee Newitz	http://re-publica.de/sites/14.re-publica.de/files/media/pictures/annalee-1.png	io9	Editor in Chief	
rp14-speaker-1969	rp14	Evgeny Morozov	http://re-publica.de/sites/14.re-publica.de/files/media/pictures/morozov.jpg			
rp14-speaker-197	rp14	Anna Lena Schiller	http://re-publica.de/sites/14.re-publica.de/files/media/pictures/annalena2011.png	Anna Lena Schiller	Head of Visual Sensemaking	
rp14-speaker-1970	rp14	Viktor  Mayer-Schönberger	http://re-publica.de/sites/14.re-publica.de/files/media/pictures/viktor-mayerschoenberger.jpg			
rp14-speaker-1971	rp14	Ron Deibert	http://re-publica.de/sites/14.re-publica.de/files/media/pictures/rondeibert_kopie.jpg	Citizen Lab	Director	
rp14-speaker-1972	rp14	Alexa Clay	http://re-publica.de/sites/14.re-publica.de/files/media/pictures/alexa_clay.jpeg			
rp14-speaker-1973	rp14	Daniel Bode	http://re-publica.de/sites/14.re-publica.de/files/media/pictures/bild_republica.jpg			
rp14-speaker-1979	rp14	Anatol Stefanowitsch	http://re-publica.de/sites/14.re-publica.de/files/media/pictures/anatol_stefanowitsch.jpg	Freie Universität Berlin	Professor	
rp14-speaker-1980	rp14	Julian Möller	http://re-publica.de/sites/14.re-publica.de/files/media/pictures/temp-julian.jpg	Oskar-von-Miller Schule	Schüler	
rp14-speaker-1981	rp14	Matthias Huhn	http://re-publica.de/sites/14.re-publica.de/files/media/pictures/mhuhn.jpg	Oskar-von-Miller-Schule, Kassel	Lehrer	
rp14-speaker-1982	rp14	Jarosław Lipszyc	http://re-publica.de/sites/14.re-publica.de/files/media/pictures/800px-wikimedia_polska_conference_2009_mk_29.jpg	Modern Poland Foundation	CEO	
rp14-speaker-1983	rp14	Aram Bartholl	http://re-publica.de/sites/14.re-publica.de/files/media/pictures/aram-dropping-internet-section.jpg	Artist	independet	
rp14-speaker-1985	rp14	Guido Kopp	http://re-publica.de/sites/14.re-publica.de/files/media/pictures/kopp-foto-klein.jpg	Kommunikationswissenschaftler	Psychotherapeutische Praxis	
rp14-speaker-1986	rp14	Andrei Soldatov	http://re-publica.de/sites/14.re-publica.de/files/media/pictures/andrei_soldatov.jpg	Agentura.Ru	editor	
rp14-speaker-1999	rp14	Vanessa Carmicino	http://re-publica.de/sites/14.re-publica.de/files/media/pictures/me1.png	Hagakure	Social Media Manager and Account Supervisor	
rp14-speaker-2000	rp14	Glyn  Moody 	http://re-publica.de/sites/14.re-publica.de/files/media/pictures/461px-glyn_moody_1_cropped.jpg			
rp14-speaker-2009	rp14	Rafael  Vilela	http://re-publica.de/sites/14.re-publica.de/files/media/pictures/captura_de_tela_2014-04-03_14.49.09.png	NINJA Media	Editor, photographer	
rp14-speaker-2016	rp14	Hannah Fry	http://re-publica.de/sites/14.re-publica.de/files/media/pictures/hannah_fry_kopie.jpg			
rp14-speaker-2019	rp14	Markus Schaffrin	http://re-publica.de/sites/14.re-publica.de/files/media/pictures/ms_eco_neu_2011.jpg	eco e.V.	Geschäftsbereichsleiter Mitglieder Services	
rp14-speaker-2021	rp14	Christian Heise	http://re-publica.de/sites/14.re-publica.de/files/media/pictures/ch-sw_rep.jpg	Open Knowledge Foundation DE e.V.	Member of Board	
rp14-speaker-2031	rp14	Marcello Bonventre	http://re-publica.de/sites/14.re-publica.de/files/media/pictures/marcello-bonventre.jpg	Radio Bremen	Redaktionsleiter Digitale Garage	
rp14-speaker-2032	rp14	Sophie Lamprou	http://re-publica.de/sites/14.re-publica.de/files/media/pictures/sophie.jpg	Impact Hub Athens	Co-founder	
rp14-speaker-2033	rp14	Jay Fajardo	http://re-publica.de/sites/14.re-publica.de/files/media/pictures/copy_of_sam5127.jpg	Launchgarage	Program Director	
rp14-speaker-2036	rp14	Alexander Mankowsky	http://re-publica.de/sites/14.re-publica.de/files/media/pictures/13c399_012x.jpg	Daimler AG	Zukunftsforschung	
rp14-speaker-2045	rp14	Markus Hündgen	http://re-publica.de/sites/14.re-publica.de/files/media/pictures/290700_2303656983839_1936452545_o.jpg	European Web Video Academy GmbH	CEO	
rp14-speaker-2046	rp14	Markos Lemma	http://re-publica.de/sites/14.re-publica.de/files/media/pictures/lemmamarkos.jpg	iceaddis	co-founder 	
rp14-speaker-2063	rp14	Jörg Dörnemann	http://re-publica.de/sites/14.re-publica.de/files/media/pictures/joerg-doernemann.jpg	epubli	Geschäftsführer	
rp14-speaker-207	rp14	Tom Hillenbrand	http://re-publica.de/sites/14.re-publica.de/files/media/pictures/trenchmann_kopie.jpg		Writer	
rp14-speaker-2089	rp14	Mirko Boehm	http://re-publica.de/sites/14.re-publica.de/files/media/pictures/mirko-rp14.jpg	Endocode AG	Founding partner | CEO 	
rp14-speaker-2115	rp14	Elizaveta Barsegova	http://re-publica.de/sites/14.re-publica.de/files/media/pictures/521875_501281516598329_947043866_n-2.jpg	betahaus | Berlin	Program Manager                             betahaus.com	
rp14-speaker-2128	rp14	Moushira Elamrawy	http://re-publica.de/sites/14.re-publica.de/files/media/pictures/moushirabysagerepub.jpg		Designer and Technology Consultant	
rp14-speaker-2129	rp14	Stefania Druga	http://re-publica.de/sites/14.re-publica.de/files/media/pictures/10155323_10202993306685935_3835252248019906839_n.jpg	HacKIDemia	Founder	
rp14-speaker-2135	rp14	Tiemo Ehmke	http://re-publica.de/sites/14.re-publica.de/files/media/pictures/tiemo_ehmke_querformat_72dpi.jpg	icebauhaus	board member	
rp14-speaker-2149	rp14	Matthias  Trénel 	http://re-publica.de/sites/14.re-publica.de/files/media/pictures/matthias_trenel.jpg	 Zebralog GmbH &amp; Co. KG	Gründer	
rp14-speaker-2168	rp14	Clarisse Iribagiza	http://re-publica.de/sites/14.re-publica.de/files/media/pictures/3b.jpg	HeHe Limited	CEO	
rp14-speaker-2172	rp14	AHMED BASTAWY	http://re-publica.de/sites/14.re-publica.de/files/media/pictures/selsela.jpg	icealex	cofounder	
rp14-speaker-2174	rp14	Bilal Ghalib	http://re-publica.de/sites/14.re-publica.de/files/media/pictures/bilalhead.jpg	GEMSI	Catalyst 	
rp14-speaker-2189	rp14	Katina Sostmann	http://re-publica.de/sites/14.re-publica.de/files/media/pictures/portrait_small_katina_sostmann-720.jpg	IXDS	Design Lead	
rp14-speaker-2197	rp14	Richard Gutjahr	http://re-publica.de/sites/14.re-publica.de/files/media/pictures/image_9.jpg	G! blog	Journalist und Blogger	
rp14-speaker-220	rp14	Julia Kloiber	http://re-publica.de/sites/14.re-publica.de/files/media/pictures/julia_kloiber.jpg	Open Knowledge Foundation DE	Project Lead	
rp14-speaker-2203	rp14	Jeanette Hofmann	http://re-publica.de/sites/14.re-publica.de/files/media/pictures/jeanette-hofmann1.jpg	WZB/HIIG		
rp14-speaker-2206	rp14	Roger Dr. Fischer	http://re-publica.de/sites/14.re-publica.de/files/media/pictures/foto_klein.jpg	BMZ, Regierungsdirektor	Referatsleiter	
rp14-speaker-2207	rp14	David Knight	http://re-publica.de/sites/14.re-publica.de/files/media/pictures/dave_knight_bio_pic2.jpg	Silicon Allee	Editor-in-Choef	
rp14-speaker-2209	rp14	Claudia Seifert	http://re-publica.de/sites/14.re-publica.de/files/media/pictures/claudia_seifert_ifkbroschuere_2.jpg			
rp14-speaker-2217	rp14	Ferda Ataman	http://re-publica.de/sites/14.re-publica.de/files/media/pictures/t.lobenwein_ferda_ataman-10.jpg	Mediendienst Integration	Leiterin	
rp14-speaker-2219	rp14	Johnny Haeusler	http://re-publica.de/sites/14.re-publica.de/files/media/pictures/johnny_haeusler_bw.jpg	Spreeblick	Master of ceremony	
rp14-speaker-2220	rp14	Almasri Reem	http://re-publica.de/sites/14.re-publica.de/files/media/pictures/679829_10152235472355484_294656010_o.jpg	7iber Dot Com	Internet Research Lead	
rp14-speaker-2221	rp14	Nani Jansen	http://re-publica.de/sites/14.re-publica.de/files/media/pictures/photo_medium.jpeg	Media Legal Defence Initiative	Senior Legal Counsel	
rp14-speaker-2226	rp14	Jan Arpe	http://re-publica.de/sites/14.re-publica.de/files/media/pictures/3933031897_9f7e99a285_b.jpg	Bertelsmann Stiftung	Project Manager	
rp14-speaker-2230	rp14	Faruq Hunter	http://re-publica.de/sites/14.re-publica.de/files/media/pictures/head-shoulder-faruq.jpg	Geeks Gone Global	Chief Geek In Charge	
rp14-speaker-2232	rp14	Fabian-Carlos Guhl	http://re-publica.de/sites/14.re-publica.de/files/media/pictures/fabian_guhl.png	FounderBus Africa	CEO FounderBus Africa	
rp14-speaker-2237	rp14	Friedrich Kitschelt	http://re-publica.de/sites/14.re-publica.de/files/media/pictures/297014_1.jpg	BMZ	Staatssekretär	
rp14-speaker-2242	rp14	Sönke Bartling	http://re-publica.de/sites/14.re-publica.de/files/media/pictures/5611_106792676876_5668657_n_0.jpg	dkfz		
rp14-speaker-2243	rp14	Sina Kamala	http://re-publica.de/sites/14.re-publica.de/files/media/pictures/sk_bild.png	*		
rp14-speaker-2244	rp14	Michaela Lampert	http://re-publica.de/sites/14.re-publica.de/files/media/pictures/kamikatze_squirrels.jpg			
rp14-speaker-2259	rp14	Paula Gutierrez	http://re-publica.de/sites/14.re-publica.de/files/media/pictures/image_11.jpg	Impact Hub Bogota	Managing Director	
rp14-speaker-2266	rp14	Tariq Khokhar	http://re-publica.de/sites/14.re-publica.de/files/media/pictures/tk_profile_color_hires.jpg	World Bank	Data Scientist	
rp14-speaker-2267	rp14	Julia Manske	http://re-publica.de/sites/14.re-publica.de/files/media/pictures/dsc_0145-julia.jpg	Vodafone Institute 		
rp14-speaker-2269	rp14	Aleksey Stemmer	http://re-publica.de/sites/14.re-publica.de/files/media/pictures/avatar_0.jpg	alexstemmer.com	photographer	
rp14-speaker-2270	rp14	Moritz Stefaner	http://re-publica.de/sites/14.re-publica.de/files/media/pictures/mo_bw_dark.gif	Truth &amp; Beauty Operator	Self-employed	
rp14-speaker-2276	rp14	Franziska Bluhm	http://re-publica.de/sites/14.re-publica.de/files/media/pictures/fb.jpg			
rp14-speaker-2280	rp14	Kaja Scheliga	http://re-publica.de/sites/14.re-publica.de/files/media/pictures/hiig_portrait0212.jpg	HIIG	Doctoral Researcher	
rp14-speaker-2303	rp14	crispin hunt	http://re-publica.de/sites/14.re-publica.de/files/media/pictures/crispin_hunt-2271-2-1.jpg	Featured Artists Coalition 	Co-Cheif Executive Officer	
rp14-speaker-2313	rp14	Helen Smith	http://re-publica.de/sites/14.re-publica.de/files/media/pictures/hsmith_colour.jpg	IMPALA	Executive Chair	
rp14-speaker-2325	rp14	Helienne Lindvall	http://re-publica.de/sites/14.re-publica.de/files/media/pictures/skiss_3_2_.jpg	Songwriter and columnist		
rp14-speaker-2326	rp14	Tobias Wallisser	http://re-publica.de/sites/14.re-publica.de/files/media/pictures/wallisser.jpg	LAVA 		
rp14-speaker-2327	rp14	Elisabeth Wisniewski	http://re-publica.de/sites/14.re-publica.de/files/media/pictures/339.jpg	Europäisches Parlament	Referentin für Öffentlichkeitsarbeit	
rp14-speaker-2329	rp14	Geraldine de Bastion	http://re-publica.de/sites/14.re-publica.de/files/media/pictures/pic_into_the_wild.jpg	re:publica	Programmteam	
rp14-speaker-2331	rp14	Georg Wurth	http://re-publica.de/sites/14.re-publica.de/files/media/pictures/s1180037_kl.jpg	Deutscher Hanf Verband	Geschäftsführer	
rp14-speaker-2332	rp14	Leonhard Dobusch	http://re-publica.de/sites/14.re-publica.de/files/media/pictures/ld0-square.jpg	Freie Universität Berlin	Juniorprofessor für Organisationstheorie	
rp14-speaker-2333	rp14	Pranesh Prakash	http://re-publica.de/sites/14.re-publica.de/files/media/pictures/silver-wok-close-up-300.jpg	CIS / Yale ISP	Policy Director / A2K Fellow	
rp14-speaker-2336	rp14	Volker Tripp	http://re-publica.de/sites/14.re-publica.de/files/media/pictures/picture-2373.jpg	Digitale Gesellschaft e.V.	Advocacy Manager	
rp14-speaker-2338	rp14	Helmuth Ritzer	http://re-publica.de/sites/14.re-publica.de/files/media/pictures/platzhalter.jpg	moovel GmbH	CTO der moovel GmbH	
rp14-speaker-2339	rp14	Cem  Ergün-Müller	http://re-publica.de/sites/14.re-publica.de/files/media/pictures/cem_official.jpeg	Telekom Innovation Laboratories	Head of Marketing and Communications	
rp14-speaker-2341	rp14	Walter Matthias  Kunze	http://re-publica.de/sites/14.re-publica.de/files/media/pictures/platzhalter_0.jpg	trendquest		
rp14-speaker-2342	rp14	Sam Taylor	http://re-publica.de/sites/14.re-publica.de/files/media/pictures/st_headshot_square.jpg	CMU	Commercial & Insights Associate	
rp14-speaker-2343	rp14	Sven Saekert	http://re-publica.de/sites/14.re-publica.de/files/media/pictures/p1040364_square.jpg	Europäisches Parlament	Community Manager	
rp14-speaker-2344	rp14	Stephanie Hankey	http://re-publica.de/sites/14.re-publica.de/files/media/pictures/picture-1929.jpg	Tactical Technology Collective	Co-Founder and Executive Director	
rp14-speaker-2349	rp14	Jessica S. Marquis	http://re-publica.de/sites/14.re-publica.de/files/media/pictures/secrets.jpg	Unicornomics	Chief Unicornomicist	
rp14-speaker-235	rp14	Sascha Lobo	http://re-publica.de/sites/14.re-publica.de/files/media/pictures/saschalobo_icon_gross.jpg	Autor, Vortragsredner, Internet.		
rp14-speaker-2351	rp14	Thilo Kunzemann	http://re-publica.de/sites/14.re-publica.de/files/media/pictures/photo_on_19-07-12_at_08.45_3.jpg	Europäisches Parlament	Web-Redakteur & Social Media Koordinator 	
rp14-speaker-2360	rp14	Frank  Rieger	http://re-publica.de/sites/14.re-publica.de/files/media/pictures/frank_rieger.jpg			
rp14-speaker-2361	rp14	Jamie Love	http://re-publica.de/sites/14.re-publica.de/files/media/pictures/jamie_love_pic.jpg	Knowledge Ecology International	Director	
rp14-speaker-2367	rp14	Constantin Seibt	http://re-publica.de/sites/14.re-publica.de/files/media/pictures/constantin-seibt-448x673.jpg	Tages-Anzeiger		
rp14-speaker-2372	rp14	Fredrik Debong	http://re-publica.de/sites/14.re-publica.de/files/media/pictures/fdebong_1366148138_57.jpg	mySugr	Co-Founder	
rp14-speaker-2374	rp14	Jay Cousins	http://re-publica.de/sites/14.re-publica.de/files/media/pictures/join.jpg	Mindflip		
rp14-speaker-2378	rp14	Alexis Rossi	http://re-publica.de/sites/14.re-publica.de/files/media/pictures/alexis_rossi.jpeg	Internet Archive	Director of Web Services	
rp14-speaker-2379	rp14	 				
rp14-speaker-2380	rp14	Yvonne Hofstetter	http://re-publica.de/sites/14.re-publica.de/files/media/pictures/yvonne-hofstetter.jpg	Teramark Technologies GmbH	Managing Director	
rp14-speaker-239	rp14	Sophie Hiltner	http://re-publica.de/sites/14.re-publica.de/files/media/pictures/k800_100_6395.jpg	The blogosphere of your body	Physical therapist and BA of social sciences	
rp14-speaker-240	rp14	Sascha Funk	http://re-publica.de/sites/14.re-publica.de/files/media/pictures/jc_0.jpg	Rangsit University	Online Strategist & Lecturer	
rp14-speaker-242	rp14	Katrin Moser	http://re-publica.de/sites/14.re-publica.de/files/media/pictures/946903_662318183784264_875719344_n.jpg			
rp14-speaker-247	rp14	Marcus John Henry Brown	http://re-publica.de/sites/14.re-publica.de/files/media/pictures/img_1525.jpg	We Are Social Deutschland GmbH	Creative Director	
rp14-speaker-255	rp14	Balázs Bodó	http://re-publica.de/sites/14.re-publica.de/files/media/pictures/img_9197.jpg	Institute for Information Law, UvA	Marie Curie Fellow	
rp14-speaker-256	rp14	Stephan Noller	http://re-publica.de/sites/14.re-publica.de/files/media/pictures/f0c273d4ce7d5efbb42e4ddf17c1ab81.jpeg	nugg.ad AG	CEO	
rp14-speaker-281	rp14	Paul Klimpel	http://re-publica.de/sites/14.re-publica.de/files/media/pictures/paul_klimpel_sw_halbprofil.jpg	Internet&amp;Gesellschaft Collaboratory	Koordinator Kulturelles Erbe	
rp14-speaker-283	rp14	Friedemann Karig	http://re-publica.de/sites/14.re-publica.de/files/media/pictures/fk.png			
rp14-speaker-286	rp14	Jan C.  Rode 	http://re-publica.de/sites/14.re-publica.de/files/media/pictures/jcr_20110628_7922.jpg	Jan C. Rode - Der Medienlotse 	Digitalberater und Journalist 	
rp14-speaker-290	rp14	Sven Trautwein	http://re-publica.de/sites/14.re-publica.de/files/media/pictures/sven_trautwein-300x300.jpg	zwillingswelten	Blogger	
rp14-speaker-303	rp14	Ole Reißmann	http://re-publica.de/sites/14.re-publica.de/files/media/pictures/olereissmann.jpg	Spiegel Online	Redakteur	
rp14-speaker-306	rp14	Kathrin  Kaufmann	http://re-publica.de/sites/14.re-publica.de/files/media/pictures/kathrin.xing_.jpg	Haruki	Beratung	
rp14-speaker-307	rp14	Annina Luzie Schmid	http://re-publica.de/sites/14.re-publica.de/files/media/pictures/annina_1213.jpg	Utopianist		
rp14-speaker-316	rp14	Nanjira Sambuli	http://re-publica.de/sites/14.re-publica.de/files/media/pictures/581613_393842494017594_295691506_n.jpeg	iHub Research	Research Manager	
rp14-speaker-318	rp14	Kixka Nebraska	http://re-publica.de/sites/14.re-publica.de/files/media/pictures/profilagentin_kixka_2012.jpg	Die ProfilAgentin		
rp14-speaker-323	rp14	Constantin Alexander	http://re-publica.de/sites/14.re-publica.de/files/media/pictures/constantin_alexander.png			
rp14-speaker-325	rp14	Marco Maas	http://re-publica.de/sites/14.re-publica.de/files/media/pictures/foto_marco.jpg	OpenDataCity	Datenjournalist	
rp14-speaker-330	rp14	Sylke Gruhnwald	http://re-publica.de/sites/14.re-publica.de/files/media/pictures/sgr.jpg	Neue Zürcher Zeitung	Team lead NZZ Data	
rp14-speaker-342	rp14	Nele Heise	http://re-publica.de/sites/14.re-publica.de/files/media/pictures/2013-04-24_12.53.38-1_nele.jpg	Hans-Bredow-Institut Hamburg	Junior Researcher	
rp14-speaker-348	rp14	Andrea Meyer	http://re-publica.de/sites/14.re-publica.de/files/media/pictures/andrea_portraet1_4c_800kb.jpg			
rp14-speaker-356	rp14	Ninia Binias	http://re-publica.de/sites/14.re-publica.de/files/media/pictures/ninia_portraet.jpg	papagei.com GmbH	Social Media Managerin	
rp14-speaker-360	rp14	Sanjay Goel	http://re-publica.de/sites/14.re-publica.de/files/media/pictures/me_1.jpg	Oximity	CEO and Co-Founder	
rp14-speaker-368	rp14	Bernhard Pörksen	http://re-publica.de/sites/14.re-publica.de/files/media/pictures/022r7105.jpg	Universität Tübingen	Professor für Medienwissenschaft	
rp14-speaker-373	rp14	Thomas Lohninger	http://re-publica.de/sites/14.re-publica.de/files/media/pictures/fire-200kb.jpg	Digitale Gesellschaft		
rp14-speaker-375	rp14	Vivian Pein	http://re-publica.de/sites/14.re-publica.de/files/media/pictures/xing1.jpg	Der Social Media Manager	Social Media Manager	
rp14-speaker-377	rp14	Moritz Metz	http://re-publica.de/sites/14.re-publica.de/files/media/pictures/moritzmetz-profilbild.jpg	DRadio	Reporter	
rp14-speaker-378	rp14	Florian Steglich	http://re-publica.de/sites/14.re-publica.de/files/media/pictures/fst_userpic.png	NZZ Lab		
rp14-speaker-387	rp14	Kathrin Passig	http://re-publica.de/sites/14.re-publica.de/files/media/pictures/republicafoto_square_flipped.jpg	Kulturindustrie	Rädchen im Getriebe	
rp14-speaker-392	rp14	Joel Dullroy	http://re-publica.de/sites/14.re-publica.de/files/media/pictures/screen_shot_2014-04-09_at_13.03.26.png	European Freelancers Movement	Campaign Manager	
rp14-speaker-425	rp14	Stefan Holtel	http://re-publica.de/sites/14.re-publica.de/files/media/pictures/30a_0224.jpg	brightONE	Knowledge Workplace Maverick	
rp14-speaker-428	rp14	Mathias Schindler	http://re-publica.de/sites/14.re-publica.de/files/media/pictures/img_4820.jpg	Wikimedia Deutschland	Projektmanager	
rp14-speaker-429	rp14	Max Woodtli	http://re-publica.de/sites/14.re-publica.de/files/media/pictures/max2009.jpg	Päd. Hochschule Thurgau / klick AG	Hochschuldozent	
rp14-speaker-432	rp14	Nele Tabler	http://re-publica.de/sites/14.re-publica.de/files/media/pictures/nele_tabler_web_sw.jpg	Karnele		
rp14-speaker-438	rp14	Johanna Emge	http://re-publica.de/sites/14.re-publica.de/files/media/pictures/img_5786.jpg	Les Flaneurs 		
rp14-speaker-440	rp14	Thorsten Feldmann	http://re-publica.de/sites/14.re-publica.de/files/media/pictures/thorsten_feldmann-17.jpg	JBB Rechtsanwälte	Rechtsanwalt, Fachanwalt für Urheber- und Medienrecht, Partner	
rp14-speaker-453	rp14	Tim Pritlove	http://re-publica.de/sites/14.re-publica.de/files/media/pictures/tim_pritlove_2009_avatar_512x512.jpg	Metaebene Personal Media	Spezialexperte	
rp14-speaker-455	rp14	Michael Kreil	http://re-publica.de/sites/14.re-publica.de/files/media/pictures/avatar.png	OpenDataCity	Data Scientist	
rp14-speaker-466	rp14	Martin Vesper	http://re-publica.de/sites/14.re-publica.de/files/media/pictures/martin_vesper-300dpi-rgb.jpg	digitalSTROM AG	CEO	
rp14-speaker-481	rp14	Susanne  Mierau	http://re-publica.de/sites/14.re-publica.de/files/media/pictures/susanne_2013_klein.jpg			
rp14-speaker-491	rp14	Guido Brombach	http://re-publica.de/sites/14.re-publica.de/files/media/pictures/guido_brombach.jpg	DGB Bildungswerk	Bildungsreferent	
rp14-speaker-504	rp14	Jean Peters	http://re-publica.de/sites/14.re-publica.de/files/media/pictures/513x513.png	Peng	none	
rp14-speaker-509	rp14	Shari Langemak	http://re-publica.de/sites/14.re-publica.de/files/media/pictures/xlhealth_2.jpg	Medscape Deutschland	Editorial Director	
rp14-speaker-510	rp14	Martin Fischer	http://re-publica.de/sites/14.re-publica.de/files/media/pictures/nitramred_weida_316_20130831_800px.jpg	Staatsbürgerkunde		
rp14-speaker-518	rp14	Eva Horn	http://re-publica.de/sites/14.re-publica.de/files/media/pictures/photo_00095.jpg	Internetikone mit bunten Haaren		
rp14-speaker-529	rp14	Peter Troxler	http://re-publica.de/sites/14.re-publica.de/files/media/pictures/image017_1.jpg	Square One Dr Peter Troxler		
rp14-speaker-531	rp14	Maik Wagner	http://re-publica.de/sites/14.re-publica.de/files/media/pictures/maik_wagner_q.jpg	mcwiwa consulting	Chef	
rp14-speaker-538	rp14	Kai Schächtele	http://re-publica.de/sites/14.re-publica.de/files/media/pictures/img_0027.jpg	Frey+Schächtele	Selbständig	
rp14-speaker-545	rp14	Jeffrey McGuire	http://re-publica.de/sites/14.re-publica.de/files/media/pictures/invisible_me_0.jpg	Acquia	Open Source Evangelist	
rp14-speaker-546	rp14	Jens-Uwe Rumstich	http://re-publica.de/sites/14.re-publica.de/files/media/pictures/dsc_0060-cd.jpg	AppNotize UG	CEO	
rp14-speaker-548	rp14	Cornelis Kater	http://re-publica.de/sites/14.re-publica.de/files/media/pictures/10070_5_kater.jpg	Podcast Schöne Ecken	eLearning Koordinator, Universität	
rp14-speaker-549	rp14	Johnny West	http://re-publica.de/sites/14.re-publica.de/files/media/pictures/johnny_west.jpg	OpenOil UG	Founder	
rp14-speaker-557	rp14	Inken Meyer	http://re-publica.de/sites/14.re-publica.de/files/media/pictures/meyola_profilbild.jpg	meyola / DMW	Artdirektorin und Projektmanagerin	
rp14-speaker-560	rp14	Jakob Jochmann	http://re-publica.de/sites/14.re-publica.de/files/media/pictures/pxjakob.png	pixelcraftbooks	Communication Architect	
rp14-speaker-562	rp14	Elisabeth  Michelbach	http://re-publica.de/sites/14.re-publica.de/files/media/pictures/20140311_153702_0.jpg	Universität Göttingen 	Literaturwissenschaftlerin 	
rp14-speaker-568	rp14	Linus Neumann	http://re-publica.de/sites/14.re-publica.de/files/media/pictures/newthinking-7.jpg			
rp14-speaker-570	rp14	Torsten Kleinz	http://re-publica.de/sites/14.re-publica.de/files/media/pictures/ok2_5753.jpg			
rp14-speaker-574	rp14	Teresa Bücker	http://re-publica.de/sites/14.re-publica.de/files/media/pictures/buecker4.jpg		Autorin	
rp14-speaker-586	rp14	Holm Friebe	http://re-publica.de/sites/14.re-publica.de/files/media/pictures/holm_friebe_.jpg	Zentrale Intelligenz Agentur	CEO	
rp14-speaker-591	rp14	David Ohrndorf	http://re-publica.de/sites/14.re-publica.de/files/media/pictures/david_g_rep.jpg	WDR		
rp14-speaker-594	rp14	Stefan Domke	http://re-publica.de/sites/14.re-publica.de/files/media/pictures/domke_portraet.jpg	Westdeutscher Rundfunk	Freier Autor (Online) für Projektentwicklung, Konzeption, Umsetzung, Projektsteuerung	
rp14-speaker-595	rp14	Britta Ullrich	http://re-publica.de/sites/14.re-publica.de/files/media/pictures/kontakt_britta_660.png	XING AG // VizWorks.de	Senior UX Manager // Visual Trainer 	
rp14-speaker-597	rp14	Ralf Appelt	http://re-publica.de/sites/14.re-publica.de/files/media/pictures/ra-profile-mid2013_0.jpg	ralfappelt.de	Sketchnoter	
rp14-speaker-600	rp14	Djure Meinen	http://re-publica.de/sites/14.re-publica.de/files/media/pictures/img_6946-2.jpg	50hz-Werkstatt f. Netzkommunikation	Inhaber	
rp14-speaker-601	rp14	Journelle  	http://re-publica.de/sites/14.re-publica.de/files/media/pictures/journelle.jpg			
rp14-speaker-602	rp14	Maxim Loick	http://re-publica.de/sites/14.re-publica.de/files/media/pictures/maximloick.jpeg			
rp14-speaker-613	rp14	Yoram Blumenberg	http://re-publica.de/sites/14.re-publica.de/files/media/pictures/20120318-123932.e06-yrm_480px.png	BureauBlumenberg	art director and graphic designer	
rp14-speaker-619	rp14	Juliane Kirchner	http://re-publica.de/sites/14.re-publica.de/files/media/pictures/jk-2.png	Universität Erfurt	Wissenschaftliche Mitarbeiterin	
rp14-speaker-620	rp14	Yasmina Banaszczuk	http://re-publica.de/sites/14.re-publica.de/files/media/pictures/3e5f783237e111e39ebd22000aaa21ed_8.jpg			
rp14-speaker-623	rp14	Cindy Roitsch	http://re-publica.de/sites/14.re-publica.de/files/media/pictures/foto_cindy_roitsch_kopie.png	ZeMKI, Universität Bremen	Wissenschaftliche Mitarbeiterin, Doktorandin	
rp14-speaker-624	rp14	Joerg Heidrich	http://re-publica.de/sites/14.re-publica.de/files/media/pictures/picture-415.jpg			
rp14-speaker-625	rp14	Doreen und Max Kröber	http://re-publica.de/sites/14.re-publica.de/files/media/pictures/ava.jpg	LetMeTalk		
rp14-speaker-627	rp14	Jürgen Kuri	http://re-publica.de/sites/14.re-publica.de/files/media/pictures/jk_ct1.png	Heise Zeitschriften Verlag	Stellv. Chefredakteur c't / heise online	
rp14-speaker-629	rp14	Marek Tuszynski	http://re-publica.de/sites/14.re-publica.de/files/media/pictures/lg_controlledchaos.png	Tactical Tech	co-founder	
rp14-speaker-634	rp14	Florian Alexander Schmidt	http://re-publica.de/sites/14.re-publica.de/files/media/pictures/f_schmidt_1024.jpg	Royal College of Art	PhD Candidate	
rp14-speaker-638	rp14	Katarzyna Szymielewicz	http://re-publica.de/sites/14.re-publica.de/files/media/pictures/ksz_photo.png	 Panoptykon Foundation	President	
rp14-speaker-640	rp14	Jens Scholz	http://re-publica.de/sites/14.re-publica.de/files/media/pictures/js_600x600b.jpg	jensscholz.com	Blogger, Consultant, Dings	
rp14-speaker-644	rp14	Niko Para	http://re-publica.de/sites/14.re-publica.de/files/media/pictures/tumblr_mmcafh7q9m1qifj4no2_1280.jpg	Tactical Technology Collective	Developer	
rp14-speaker-653	rp14	Daniel Dietrich	http://re-publica.de/sites/14.re-publica.de/files/media/pictures/ddie2014.jpg	Open Knowledge Foundation Deutschla	Chairman	
rp14-speaker-656	rp14	Daniel Seitz	http://re-publica.de/sites/14.re-publica.de/files/media/pictures/image_3.jpg	mediale pfade.de	Medienpädagoge / Geschäftsführender Gesellschafter	
rp14-speaker-662	rp14	Ulrike Roth	http://re-publica.de/sites/14.re-publica.de/files/media/pictures/rike_roth.jpeg	Universität Münster	Wissenschaftliche Mitarbeiterin	
rp14-speaker-670	rp14	Dan Weigl	http://re-publica.de/sites/14.re-publica.de/files/media/pictures/ruckerjay.jpg	Lunchbeat Hamburg	Gründer	
rp14-speaker-678	rp14	Lucie  Höhler	http://re-publica.de/sites/14.re-publica.de/files/media/pictures/lucie_neu.jpg			
rp14-speaker-680	rp14	Julian Finn	http://re-publica.de/sites/14.re-publica.de/files/media/pictures/julian.jpg			
rp14-speaker-686	rp14	Maya Indira Ganesh	http://re-publica.de/sites/14.re-publica.de/files/media/pictures/mayaprotestsalon.jpg	Tactical Technology Collective	Programe Director	
rp14-speaker-697	rp14	Matthias Bauer	http://re-publica.de/sites/14.re-publica.de/files/media/pictures/m_ava_v3_1x1_lr.jpg			
rp14-speaker-700	rp14	Andreas Schmidt	http://re-publica.de/sites/14.re-publica.de/files/media/pictures/as.png	Delft University of Technology	Researcher	
rp14-speaker-708	rp14	Jannis Kucharz	http://re-publica.de/sites/14.re-publica.de/files/media/pictures/ichklapp.png			
rp14-speaker-715	rp14	Antonio De Pasquale	http://re-publica.de/sites/14.re-publica.de/files/media/pictures/me_0.jpg	Frog	Senior Interaction Designer	
rp14-speaker-717	rp14	Laura Sophie Dornheim	http://re-publica.de/sites/14.re-publica.de/files/media/pictures/laura-dornheim-3013-c-paul-blau-2013-785x523.jpg	@schwarzblond		
rp14-speaker-719	rp14	Thomas Friese	http://re-publica.de/sites/14.re-publica.de/files/media/pictures/img_0523.jpg			
rp14-speaker-721	rp14	Radoslav Albrecht	http://re-publica.de/sites/14.re-publica.de/files/media/pictures/radoslav-albrecht.jpg	Bitbond.net	Founder & CEO	
rp14-speaker-730	rp14	Harald Klinke	http://re-publica.de/sites/14.re-publica.de/files/media/pictures/harald_klinke.jpg	 Universität Göttingen		
rp14-speaker-760	rp14	Henning Krieg	http://re-publica.de/sites/14.re-publica.de/files/media/pictures/krieg2.jpg			
rp14-speaker-763	rp14	Stefan Evertz	http://re-publica.de/sites/14.re-publica.de/files/media/pictures/se_square_1.jpg	Cortex digital	Berater	
rp14-speaker-771	rp14	Elmar Geese	http://re-publica.de/sites/14.re-publica.de/files/media/pictures/300px-elmar.jpg			
rp14-speaker-772	rp14	Mario Behling	http://re-publica.de/sites/14.re-publica.de/files/media/pictures/mario_behling.jpg	Freifunk	Blogger	
rp14-speaker-779	rp14	Zara  Rahman	http://re-publica.de/sites/14.re-publica.de/files/media/pictures/zara_rahman_headshot_small.jpg	Open Knowledge Foundation	Open Development Toolkit Lead	
rp14-speaker-781	rp14	Stefan Kaufmann	http://re-publica.de/sites/14.re-publica.de/files/media/pictures/4qlrt.jpg	datalove ulm	vorne links	
rp14-speaker-784	rp14	Becky Kazansky	http://re-publica.de/sites/14.re-publica.de/files/media/pictures/pdf_0.png	Tactical Tech	Programme Researcher	
rp14-speaker-789	rp14	Peggy Sylopp	http://re-publica.de/sites/14.re-publica.de/files/media/pictures/peggysylopp2.jpg			
rp14-speaker-794	rp14	Gili Vidan	http://re-publica.de/sites/14.re-publica.de/files/media/pictures/gvidan.png	Oxford Internet Institute	MSc Student	
rp14-speaker-795	rp14	Lilas  Guevara-Duvernois	http://re-publica.de/sites/14.re-publica.de/files/media/pictures/ld_oii.jpg	Oxford Internet Institute	MSc Student	
rp14-speaker-796	rp14	Laura  Licari	http://re-publica.de/sites/14.re-publica.de/files/media/pictures/laura.jpg	Frog 	Senior Visual Designer	
rp14-speaker-797	rp14	Herbert Braun	http://re-publica.de/sites/14.re-publica.de/files/media/pictures/2010-10-18_14.44.30.jpg			
rp14-speaker-799	rp14	Hilli Knixibix	http://re-publica.de/sites/14.re-publica.de/files/media/pictures/image_6.jpg			
rp14-speaker-801	rp14	Walter Palmetshofer	http://re-publica.de/sites/14.re-publica.de/files/media/pictures/vav_sky3.jpg	FU Berlin	Research	
rp14-speaker-808	rp14	Magdalena Reiter	http://re-publica.de/sites/14.re-publica.de/files/media/pictures/01img_3606.jpg			
rp14-speaker-811	rp14	Heba Amin	http://re-publica.de/sites/14.re-publica.de/files/media/pictures/hebarepublica.jpg			
rp14-speaker-819	rp14	Ulrike Langer	http://re-publica.de/sites/14.re-publica.de/files/media/pictures/ulrike_langer.jpg	medialdigital	Journalistin	
rp14-speaker-820	rp14	Maximilian  Hösl	http://re-publica.de/sites/14.re-publica.de/files/media/pictures/hosl_maximilian_wzb.jpg	WZB	research fallow	
rp14-speaker-824	rp14	Thomas Gegenhuber	http://re-publica.de/sites/14.re-publica.de/files/media/pictures/foto_thomas.jpg	JKU Linz	ÖAW DOC-Team-Stipendiat	
rp14-speaker-828	rp14	Daniel  Guagnin	http://re-publica.de/sites/14.re-publica.de/files/media/pictures/me-sw.jpg	Researchers Profile	Research associate	
rp14-speaker-833	rp14	Linnea Riensberg	http://re-publica.de/sites/14.re-publica.de/files/media/pictures/linnea_klein.jpg	Publixphere e.V.	Projektleiterin	
rp14-speaker-840	rp14	Ansgar Koreng	http://re-publica.de/sites/14.re-publica.de/files/media/pictures/foto_koreng_ansgar.jpg	JBB Rechtsanwälte	Rechtsanwalt	
rp14-speaker-842	rp14	Lisa Altmeier	http://re-publica.de/sites/14.re-publica.de/files/media/pictures/lisa_altmeier.jpg	Crowdspondent		
rp14-speaker-847	rp14	Stefanie Aßmann	http://re-publica.de/sites/14.re-publica.de/files/media/pictures/bildschirmfoto_2014-01-31_um_11.10.43.png			
rp14-speaker-849	rp14	Kaustubh Srikanth	http://re-publica.de/sites/14.re-publica.de/files/media/pictures/houndbee-republica2014.jpg	Tactical Technology Collective	Head of Technology	
rp14-speaker-853	rp14	Maria Schröder	http://re-publica.de/sites/14.re-publica.de/files/media/pictures/schroeder_2010.jpg	Jugend hackt	Projektleiterin	
rp14-speaker-854	rp14	Jörn Schultz	http://re-publica.de/sites/14.re-publica.de/files/media/pictures/91cf331adf8394cccd7b0de55dd5cec1c634b325.jpg			
rp14-speaker-857	rp14	Katrin Rönicke	http://re-publica.de/sites/14.re-publica.de/files/media/pictures/kadda_klein.jpg	Frau Lila	Gründerin	
rp14-speaker-860	rp14	Wibke Ladwig	http://re-publica.de/sites/14.re-publica.de/files/media/pictures/ladwig_web.jpg	Chefin		
rp14-speaker-861	rp14	Kirsten Fiedler	http://re-publica.de/sites/14.re-publica.de/files/media/pictures/kirstenfiedler.jpg	European Digital Rights	Managing Director	
rp14-speaker-876	rp14	Oxblood Ruffin	http://re-publica.de/sites/14.re-publica.de/files/media/pictures/oxblood_no-tie_5x4cm-300dpi_copy.jpg	Centre for Internet &amp; Society	Director, Cybersecurity Film	
rp14-speaker-879	rp14	Ulrich Tausend	http://re-publica.de/sites/14.re-publica.de/files/media/pictures/ulrich_tausend_2012_1000.jpg	Tausend Medien		
rp14-speaker-880	rp14	Wiebke Loosen	http://re-publica.de/sites/14.re-publica.de/files/media/pictures/wloosen.jpg	Hans-Bredow-Institut	Senior Researcher	
rp14-speaker-881	rp14	Rebecca Renatus	http://re-publica.de/sites/14.re-publica.de/files/media/pictures/bewerbungsfoto_rebeccarenatus.jpg	Institut für KoWi Dresden	Wissenschaftliche Mitarbeiterin	
rp14-speaker-884	rp14	fALk Gärtner	http://re-publica.de/sites/14.re-publica.de/files/media/pictures/falk_bw.jpg			
rp14-speaker-889	rp14	Stefan Wehrmeyer	http://re-publica.de/sites/14.re-publica.de/files/media/pictures/wehrmeyer_4.jpg			
rp14-speaker-890	rp14	Beatrice Martini	http://re-publica.de/sites/14.re-publica.de/files/media/pictures/photo_republica.jpg	Open Knowledge Foundation	Events Manager	
rp14-speaker-896	rp14	Julia Krüger	http://re-publica.de/sites/14.re-publica.de/files/media/pictures/wzb_jahresbericht_4865.jpg	WZB	Research Fellow	
rp14-speaker-906	rp14	Christina Pautsch	http://re-publica.de/sites/14.re-publica.de/files/media/pictures/christina_avatar.png	Service Designer		
rp14-speaker-907	rp14	Carolin Thiem	http://re-publica.de/sites/14.re-publica.de/files/media/pictures/caro.jpg	Si Labs GmbH	Innovation Researcher	
rp14-speaker-924	rp14	Jakob Ohme 	http://re-publica.de/sites/14.re-publica.de/files/media/pictures/jakob_brick_sw.jpg	Center for Journalism, SDU	PhD Research Fellow	
rp14-speaker-928	rp14	Gloria   Spindle	http://re-publica.de/sites/14.re-publica.de/files/media/pictures/p1050566.jpg			
rp14-speaker-930	rp14	Nils Meinzer	http://re-publica.de/sites/14.re-publica.de/files/media/pictures/foto_nils.jpg	Radio Bremen		
rp14-speaker-934	rp14	Anthony Zacharzewski	http://re-publica.de/sites/14.re-publica.de/files/media/pictures/new_headshot1024.jpg	Democratic Society 	Director	
rp14-speaker-935	rp14	Felix Schwenzel	http://re-publica.de/sites/14.re-publica.de/files/media/pictures/felixmitei_h2.jpg	wirres.net		
rp14-speaker-938	rp14	Steffi Fetz	http://re-publica.de/sites/14.re-publica.de/files/media/pictures/steffi_fetz.jpg			
rp14-speaker-941	rp14	Jan Boelmann	http://re-publica.de/sites/14.re-publica.de/files/media/pictures/19555_1342367204393_959619_n.jpg	PH Ludwigsburg	Jun.-Prof. für literarisches Lernen	
rp14-speaker-948	rp14	Michael Seemann	http://re-publica.de/sites/14.re-publica.de/files/media/pictures/7165221904_54ff1d1863_b.jpeg			
rp14-speaker-952	rp14	Bianca Praetorius	http://re-publica.de/sites/14.re-publica.de/files/media/pictures/photo_2.jpg			
rp14-speaker-953	rp14	Faith Bosworth	http://re-publica.de/sites/14.re-publica.de/files/media/pictures/me_2.jpg	Tactical Technology Collective		
rp14-speaker-954	rp14	Frederike Kaltheuner	http://re-publica.de/sites/14.re-publica.de/files/media/pictures/frederike_kaltheuner.png			
rp14-speaker-958	rp14	Eva-Maria  Zoll	http://re-publica.de/sites/14.re-publica.de/files/media/pictures/dsc05951.jpg	Design For Change	Ambassador/ Founder	
rp14-speaker-960	rp14	Kay Meseberg	http://re-publica.de/sites/14.re-publica.de/files/media/pictures/andy_kay.jpg			
rp14-speaker-967	rp14	Lorenz Lorenz-Meyer	http://re-publica.de/sites/14.re-publica.de/files/media/pictures/lolo_square.jpg	HS Darmstadt / Onlinejournalismus		
rp14-speaker-971	rp14	Dorothea Martin	http://re-publica.de/sites/14.re-publica.de/files/media/pictures/dorothea_martin.jpg	imaginary friends	Kreation	
rp14-speaker-973	rp14	Fiona Krakenbürger	http://re-publica.de/sites/14.re-publica.de/files/media/pictures/fiona-krakenbuerger.jpg			
rp14-speaker-978	rp14	Stefan Aufenanger	http://re-publica.de/sites/14.re-publica.de/files/media/pictures/aufenanger_13.jpg	Universität Mainz	Professor	
rp14-speaker-983	rp14	Manuela Schauerhammer	http://re-publica.de/sites/14.re-publica.de/files/media/pictures/republica14_manuportrait.jpg		(SEO)-Texterin, Bloggerin, Netz- und Beteiligungsaktivistin 	
rp14-speaker-987	rp14	Oona Leganovic	http://re-publica.de/sites/14.re-publica.de/files/media/pictures/passfotoclean.jpg			
rp14-speaker-989	rp14	Christiane  Frohmann	http://re-publica.de/sites/14.re-publica.de/files/media/pictures/christianeverstrahlt.jpg	Katersalon	Salonière	
rp14-speaker-996	rp14	Wolfie Christl	http://re-publica.de/sites/14.re-publica.de/files/media/pictures/wolfie_christl1024.jpg	Cracked Labs	Co-Founder	
rp14-speaker-999	rp14	Tabea Siebertz	http://re-publica.de/sites/14.re-publica.de/files/media/pictures/_mg_4108_.jpg			